650401789850820609,2015-10-03 20:07:25,20 Minutes,timeline,Tsipras veut avancer vite dans l'ex√©cution des r√©formes du plan d'aide http://t.co/wPPYFMgUfj http://t.co/ItX42fJY1K
650401527815884801,2015-10-03 20:06:22,L'Obs,timeline,"Le resto du week-end : Heimat, le dernier-n√© de Pierre Jancou http://t.co/fHLnFeL6W0 http://t.co/L07N3M8PqT"
650401184751222788,2015-10-03 20:05:00,Morsay Officiel,timeline,Morsay en direct de Loup vers qui va gagner le grand concours Marseille Mes Amis https://t.co/XRxxxawYdR
650400943880699904,2015-10-03 20:04:03,Georgio,timeline,RT @bambi_35: Terrible ! Georgio - Journal de bord EP08 https://t.co/qmCrAzO0mN via @Georgioxv3
650400928110088193,2015-10-03 20:03:59,Georgio,timeline,"RT @EliotNavier: @Georgioxv3 il va tout niqu√© avec bleu noir, ce gars il est tellement proche de son public il m√©rite vraiment d'√™tre en t√™‚Ä¶"
650400278525685760,2015-10-03 20:01:24,20 Minutes,timeline,Scandale Fifa: combien de temps Blatter peut-il encore tenir ? http://t.co/DRMNvaUoEi http://t.co/0nOLgdLGb8
650399977877843968,2015-10-03 20:00:13,Twog,timeline,"Un comptwoir de @LolaTwog tout en s√©duction :

http://t.co/qvpgQjPofO http://t.co/YOSdExryFY"
650399922987134976,2015-10-03 20:00:00,Sneakers Addict‚Ñ¢,timeline,"Nike Air Presto Quickstrike ‚ÄúHarbor Blue‚Äù http://t.co/jzQ6JGiUb8
Reminder http://t.co/F39KzNx6qS"
650399776161312769,2015-10-03 19:59:25,Football Funnys,timeline,Costa's sister http://t.co/xkWOBfEVpA
650398772493742089,2015-10-03 19:55:25,20 Minutes,timeline,Vatican: le coming out d'un dignitaire de l'Eglise avant le synode fait scandale http://t.co/nlTw2gCsel http://t.co/IWvDddZp2x
650398758853836800,2015-10-03 19:55:22,L'Obs,timeline,"Chris Mintz, le h√©ros miracul√© de la tuerie de l'Oregon http://t.co/SgMY7FMfkR http://t.co/p9wxhoHL4T"
650398644663918592,2015-10-03 19:54:55,Post Bad Sneakers,timeline,Reebok http://t.co/QOjNrliBR1
650398642713440256,2015-10-03 19:54:54,Actus Ligue 1,timeline,"Programme de demain: 
14h: #Monaco - #Rennes
17h: #Caen - #SaintEtienne 
#Lorient - #Bordeaux 
21h: #Paris - #Marseille 
#PSGOM 

A demain!"
650398535184175105,2015-10-03 19:54:29,Gonzague Dambricourt,timeline,"Retour √† paris ! (@ Gare SNCF d'Ermont - Eaubonne - @connectgares in Ermont, √éle-de-France) https://t.co/t3tK4YD9G9"
650398266618716161,2015-10-03 19:53:25,BFMTV,timeline,Un humoriste r√©pond √† Morano et d√©passe les trois millions de vues http://t.co/kO0aWkIvlA http://t.co/mnQOrqj5L9
650398211031568384,2015-10-03 19:53:11,Post Bad Sneakers,timeline,@PerfSneakers up
650398135773200384,2015-10-03 19:52:54,Actus Ligue 1,timeline,"Le match entre #Nice et #Nantes sera √† rejouer enti√®rement, la Ligue devrait communiquer une date dans les jours √† venir ! #OGCNFCN"
650397822496321536,2015-10-03 19:51:39,Actus Ligue 1,timeline,"90+4'  FIN DU MATCH: 
#Ajaccio 2-2 #Toulouse 
(25' Mayi, 44' Pujol | 21' Braithwaite, 49' Sylla (CSC) #GFCATFC"
650397524826558464,2015-10-03 19:50:28,Actus Ligue 1,timeline,"90+3' FIN DU MATCH : 
#Angers 1-0 #Bastia 
(41' Ketkeophomphome) #SCOSCB"
650404294903099392,2015-10-03 20:17:22,L'Obs$XXX,timeline,Ce que l'on sait du bombardement d'un h√¥pital de MSF http://t.co/F7lp8wHxrB http://t.co/A46GhaRYZi
650404101931581442,2015-10-03 20:16:36,In√®s$XXX,timeline,"Je viens de lire ""Copacabana"". Je pense donc que MUSIC AND PASSION WERE ALWAYS THE FASHION AT THE COOOOPAAAA, COPACABANAAAA. üé∂"
650403730672779268,2015-10-03 20:15:07,Fitness Life$XXX,timeline,Happy snacking üòãüëçüèª http://t.co/5h0MFoJzzL
650403487939981313,2015-10-03 20:14:10,BFMTV$XXX,timeline,Apple r√™ve d‚Äôune bague connect√©e http://t.co/XF9ahburfR http://t.co/TNIGkQr30B
650403297661218816,2015-10-03 20:13:24,20 Minutes$XXX,timeline,Affaire Bettencourt: ouverture d'une information judiciaire pour subornation de t√©moin http://t.co/GD84wQda1e http://t.co/YeamQiTT40
650403188617687040,2015-10-03 20:12:58,L'Humour de Droite$XXX,timeline,Ce soir le prince Harry a un prince Albert #cdm2015
650402257519841280,2015-10-03 20:09:16,STIMULATED.$XXX,timeline,RT @Salim_Wesson: C'est le monde a l'envers üòÇüòÇ http://t.co/t3rPSaCwdo
650402112464113664,2015-10-03 20:08:42,L'Humour de Droite$XXX,timeline,"""La v√©rit√© vous rendra libres."" (J√©sus)  http://t.co/NqbMs2TyIR"
650401881441697792,2015-10-03 20:07:47,STIMULATED.$XXX,timeline,RT @_milane_: La plus grosse erreur qu'on puisse faire... http://t.co/JymqWsvJ3d
650401789850820609,2015-10-03 20:07:25,20 Minutes$XXX,timeline,Tsipras veut avancer vite dans l'ex√©cution des r√©formes du plan d'aide http://t.co/wPPYFMgUfj http://t.co/ItX42fJY1K
650401527815884801,2015-10-03 20:06:22,L'Obs$XXX,timeline,"Le resto du week-end : Heimat, le dernier-n√© de Pierre Jancou http://t.co/fHLnFeL6W0 http://t.co/L07N3M8PqT"
650401184751222788,2015-10-03 20:05:00,Morsay Officiel$XXX,timeline,Morsay en direct de Loup vers qui va gagner le grand concours Marseille Mes Amis https://t.co/XRxxxawYdR
650400943880699904,2015-10-03 20:04:03,Georgio$XXX,timeline,RT @bambi_35: Terrible ! Georgio - Journal de bord EP08 https://t.co/qmCrAzO0mN via @Georgioxv3
650400928110088193,2015-10-03 20:03:59,Georgio$XXX,timeline,"RT @EliotNavier: @Georgioxv3 il va tout niqu√© avec bleu noir, ce gars il est tellement proche de son public il m√©rite vraiment d'√™tre en t√™‚Ä¶"
650400278525685760,2015-10-03 20:01:24,20 Minutes$XXX,timeline,Scandale Fifa: combien de temps Blatter peut-il encore tenir ? http://t.co/DRMNvaUoEi http://t.co/0nOLgdLGb8
650399977877843968,2015-10-03 20:00:13,Twog$XXX,timeline,"Un comptwoir de @LolaTwog tout en s√©duction :

http://t.co/qvpgQjPofO http://t.co/YOSdExryFY"
650399922987134976,2015-10-03 20:00:00,Sneakers Addict‚Ñ¢$XXX,timeline,"Nike Air Presto Quickstrike ‚ÄúHarbor Blue‚Äù http://t.co/jzQ6JGiUb8
Reminder http://t.co/F39KzNx6qS"
650399776161312769,2015-10-03 19:59:25,Football Funnys$XXX,timeline,Costa's sister http://t.co/xkWOBfEVpA
650398772493742089,2015-10-03 19:55:25,20 Minutes$XXX,timeline,Vatican: le coming out d'un dignitaire de l'Eglise avant le synode fait scandale http://t.co/nlTw2gCsel http://t.co/IWvDddZp2x
650612472844582912,2015-10-04 10:04:35,Melissa „Ä∞$XXX,timeline,7 ans que je suis #H√©moise!!! üéâüéä
650612388756979712,2015-10-04 10:04:15,20 Minutes$XXX,timeline,[DIAPORAMA] La C√¥te d'Azur sous l'eau http://t.co/IqTbLZznQ6 #inondations http://t.co/GUrqnMaxlg
650612013866065921,2015-10-04 10:02:46,Amadou K.$XXX,timeline,RT @Gregou08: @sneakers_actus elle me tente vraiment mais je ne pense pas qu'elles m'iraient üò≠
650611746449690624,2015-10-04 10:01:42,L'Obs$XXX,timeline,"T√´nk, le pari du doc en ligne http://t.co/dQxvnfdRei"
650611745606664192,2015-10-04 10:01:42,L'Obs$XXX,timeline,"La maison connect√©e, une future r√©volution ? http://t.co/u2LcwmU1Z2"
650611583832342528,2015-10-04 10:01:04,20 Minutes$XXX,timeline,Cinq applications pour embellir son quotidien http://t.co/SeheeZiID5
650611439334498304,2015-10-04 10:00:29,Na√©ma ŸÜÿπŸäŸÖÿ©$XXX,timeline,Bon √ßa fait 3 jours que je mange du couscous je vais bient√¥t me transformer en pois chiche.
650611416311963648,2015-10-04 10:00:24,#27$XXX,timeline,"RT @QDBINZE: Booba recueille chez lui 2 migrants syriens affam√©s, franchement respect! http://t.co/mxEl5e8ImT"
650611356643627008,2015-10-04 10:00:09,VICE France$XXX,timeline,La bombe √† retardement des Grands Lacs : http://t.co/ezMSDjRJgv http://t.co/P5QYqP5MuE
650611274074746880,2015-10-04 09:59:50,#27$XXX,timeline,RT @CarolineWls: Combien de personne ne supporte pas Chelsea mais ont leur jogging ?! üê∏üçµ
650611248804048896,2015-10-04 09:59:44,#27$XXX,timeline,"RT @ParisNoLimit: Pastore : ¬´Pour Cantona je suis le meilleur joueur du monde? √áa m'a rempli de fiert√©, je ne l'oublierai jamais¬ª #PSG http‚Ä¶"
650611000887148544,2015-10-04 09:58:45,Ichawiyen$XXX,timeline,RT @Soniah213: Hihi
650610916908773376,2015-10-04 09:58:25,#27$XXX,timeline,RT @CommeDiddy: Fait √ßa √† ma meuf August ou September raf je vais serrer ton cou tr√®s fort https://t.co/dCA0It5mjx
650610861581729792,2015-10-04 09:58:11,ALADIN 135 $XXX,timeline,meme amnesique j'toublierai pas
650610811723980800,2015-10-04 09:57:59,#27$XXX,timeline,RT @Alextrxm: Mdrrr ce chien essaye d'apprendre au b√©b√© √† sauter  üòÇ http://t.co/r6LE4VbIPH
650610420693245952,2015-10-04 09:56:26,20 Minutes$XXX,timeline,Calais: Le minist√®re d√©p√™che (encore) plus de deux cents policiers en renfort http://t.co/JiZ4qpScb0 http://t.co/9rqrHh7rwt
